Le Houx,nlehoux0@tuttocitta.it,Female
Dillinton,edillinton1@ovh.net,Female
Gather,dgather2@wufoo.com,Female
Czadla,cczadla3@sitemeter.com,Female
Shugg,rshugg4@jalbum.net,Male
Kelbie,mkelbie5@sohu.com,Genderfluid
Leggat,tleggat6@naver.com,Male
Philp,ophilp7@statcounter.com,Male
Mumbey,mmumbey8@jalbum.net,Female
Winyard,fwinyard9@xinhuanet.com,Male
Jacobowits,rjacobowitsa@google.nl,Female
Papis,rpapisb@posterous.com,Male
Pickin,apickinc@cam.ac.uk,Male
Juschke,vjuschked@ameblo.jp,Polygender
Pendrigh,mpendrighe@nature.com,Female
Tooze,ntoozef@cnn.com,Male
Gladtbach,kgladtbachg@fotki.com,Female
Novelli,gnovellih@mtv.com,Female
Drewitt,tdrewitti@tumblr.com,Female
Jados,jjadosj@utexas.edu,Female
Kasman,rkasmank@live.com,Agender
Yanyshev,gyanyshevl@privacy.gov.au,Polygender
De Pero,mdeperom@delicious.com,Female
Greenacre,sgreenacren@shareasale.com,Male
Berzons,bberzonso@t.co,Female
Minchi,tminchip@w3.org,Male
Edie,gedieq@fotki.com,Female
Alyoshin,calyoshinr@yolasite.com,Bigender
Whittaker,pwhittakers@gravatar.com,Female
Mapes,lmapest@addthis.com,Female
Penwarden,bpenwardenu@addtoany.com,Female
Drioli,mdrioliv@typepad.com,Polygender
Balding,abaldingw@imdb.com,Female
Buckby,bbuckbyx@creativecommons.org,Female
Pagelsen,opagelseny@ucla.edu,Male
Hobden,ehobdenz@bigcartel.com,Female
Bradnocke,rbradnocke10@vkontakte.ru,Female
Dedman,gdedman11@springer.com,Male
Eisenberg,deisenberg12@ocn.ne.jp,Male
Redington,bredington13@state.gov,Genderfluid
Sparshutt,esparshutt14@thetimes.co.uk,Female
Culleton,tculleton15@odnoklassniki.ru,Male
Turbern,mturbern16@constantcontact.com,Male
Jonsson,bjonsson17@europa.eu,Male
Gilbride,pgilbride18@cloudflare.com,Male
Sleeman,nsleeman19@nytimes.com,Female
Lampbrecht,nlampbrecht1a@mtv.com,Female
Sofe,lsofe1b@un.org,Agender
MacGiolla,jmacgiolla1c@networkadvertising.org,Male
Lyes,dlyes1d@exblog.jp,Male
Woollcott,awoollcott1e@bbc.co.uk,Agender
Goodbourn,agoodbourn1f@aol.com,Male
Temby,jtemby1g@google.co.jp,Male
Popley,jpopley1h@go.com,Female
Dunkinson,bdunkinson1i@vistaprint.com,Male
Jaksic,bjaksic1j@arizona.edu,Female
Alfonsetto,aalfonsetto1k@pagesperso-orange.fr,Non-binary
Murrhaupt,emurrhaupt1l@technorati.com,Female
Dahle,sdahle1m@imageshack.us,Genderfluid
Harget,bharget1n@phpbb.com,Female
Vasilischev,avasilischev1o@webmd.com,Male
Ockland,aockland1p@china.com.cn,Male
Sainteau,ssainteau1q@ustream.tv,Female
Cape,fcape1r@people.com.cn,Female
Coverley,ocoverley1s@psu.edu,Non-binary
Conti,bconti1t@npr.org,Male
Room,oroom1u@bravesites.com,Male
Senyard,lsenyard1v@sbwire.com,Female
Shapera,sshapera1w@issuu.com,Female
Keenleyside,wkeenleyside1x@japanpost.jp,Female
Hampton,dhampton1y@cnet.com,Male
Pengelly,mpengelly1z@privacy.gov.au,Male
Symmers,msymmers20@auda.org.au,Male
MacSharry,tmacsharry21@columbia.edu,Female
Late,hlate22@desdev.cn,Female
Ludlom,dludlom23@google.cn,Female
Piggrem,apiggrem24@printfriendly.com,Male
Champerlen,dchamperlen25@forbes.com,Female
Flude,jflude26@webnode.com,Female
Erratt,lerratt27@shinystat.com,Agender
Helder,phelder28@army.mil,Female
Richardson,crichardson29@ucla.edu,Bigender
Bullman,cbullman2a@dell.com,Male
Daniell,bdaniell2b@chicagotribune.com,Genderqueer
McIlriach,cmcilriach2c@oaic.gov.au,Female
Collecott,dcollecott2d@sogou.com,Male
Minette,aminette2e@unblog.fr,Female
Kiffe,ekiffe2f@nih.gov,Female
Niese,pniese2g@miitbeian.gov.cn,Female
Garlinge,kgarlinge2h@digg.com,Female
Mantha,hmantha2i@hp.com,Male
Sexti,ssexti2j@elegantthemes.com,Male
Deboick,adeboick2k@prnewswire.com,Male
Rummins,jrummins2l@ucoz.com,Male
Adamides,aadamides2m@huffingtonpost.com,Male
Iddens,middens2n@wp.com,Female
Baiyle,jbaiyle2o@sciencedirect.com,Female
Bausor,abausor2p@mapy.cz,Female
Steanyng,ksteanyng2q@live.com,Male
Jellett,cjellett2r@ucoz.com,Female
Giovanitti,pgiovanitti2s@cdbaby.com,Male
Rome,grome2t@marketwatch.com,Male
Greenley,egreenley2u@yandex.ru,Genderqueer
Mabley,dmabley2v@biblegateway.com,Male
Goldsworthy,rgoldsworthy2w@uol.com.br,Male
Treat,ttreat2x@newyorker.com,Female
Bischoff,rbischoff2y@posterous.com,Male
Pesic,mpesic2z@webmd.com,Female
Crowcum,tcrowcum30@narod.ru,Genderqueer
Davidofski,fdavidofski31@zdnet.com,Female
Songer,hsonger32@google.de,Female
Worlock,nworlock33@fotki.com,Male
Haskins,ahaskins34@usatoday.com,Female
Stockney,bstockney35@ted.com,Female
Drogan,ndrogan36@weebly.com,Female
Batchelar,dbatchelar37@weibo.com,Female
Vacher,ovacher38@posterous.com,Male
Scaplehorn,lscaplehorn39@disqus.com,Female
Joderli,jjoderli3a@dell.com,Female
Skerm,tskerm3b@dot.gov,Female
Olligan,eolligan3c@foxnews.com,Male
Fautley,dfautley3d@pcworld.com,Male
Archibould,darchibould3e@time.com,Female
Mateev,smateev3f@jimdo.com,Female
Ingyon,ningyon3g@utexas.edu,Female
Debold,adebold3h@nymag.com,Female
Fronek,ffronek3i@chronoengine.com,Female
Saward,isaward3j@cisco.com,Male
Robjohns,jrobjohns3k@mac.com,Male
Krystek,rkrystek3l@home.pl,Female
Mattaser,jmattaser3m@cafepress.com,Polygender
Fernanando,bfernanando3n@marriott.com,Male
Kiernan,ckiernan3o@privacy.gov.au,Male
Widdicombe,owiddicombe3p@goo.ne.jp,Female
Horstead,bhorstead3q@stumbleupon.com,Male
Kenford,skenford3r@addtoany.com,Male
Finnan,cfinnan3s@washington.edu,Male
Blazdell,hblazdell3t@taobao.com,Male
Fuxman,rfuxman3u@aol.com,Female
Barensen,lbarensen3v@clickbank.net,Male
Cricket,lcricket3w@ted.com,Female
Swafford,bswafford3x@hc360.com,Female
Bewlay,gbewlay3y@cmu.edu,Female
Middlemass,umiddlemass3z@lulu.com,Polygender
De Biasi,jdebiasi40@oakley.com,Female
Wyvill,mwyvill41@clickbank.net,Female
McCauley,kmccauley42@geocities.jp,Male
Allcoat,dallcoat43@biglobe.ne.jp,Male
Ghiron,dghiron44@vk.com,Female
Garnam,rgarnam45@dion.ne.jp,Female
Bryan,dbryan46@cnet.com,Bigender
Elgar,aelgar47@wsj.com,Polygender
McGeever,jmcgeever48@google.it,Non-binary
Sauvan,isauvan49@unc.edu,Female
Barbey,bbarbey4a@dyndns.org,Agender
Hadwick,bhadwick4b@europa.eu,Male
Deniseau,ndeniseau4c@seattletimes.com,Male
Geare,sgeare4d@mysql.com,Female
Maxstead,rmaxstead4e@altervista.org,Female
Dorney,mdorney4f@studiopress.com,Male
Pattullo,rpattullo4g@ifeng.com,Male
Lamboll,elamboll4h@opera.com,Male
Watkins,ewatkins4i@buzzfeed.com,Male
Gudger,jgudger4j@merriam-webster.com,Female
Trembath,atrembath4k@economist.com,Female
Nyssens,jnyssens4l@blogger.com,Male
Raiker,rraiker4m@alibaba.com,Female
De la Perrelle,odelaperrelle4n@cisco.com,Male
Pitherick,vpitherick4o@over-blog.com,Male
Vasyunkin,dvasyunkin4p@nasa.gov,Female
Dainty,adainty4q@mit.edu,Male
Maybery,nmaybery4r@mysql.com,Female
Reims,preims4s@biblegateway.com,Male
Futcher,tfutcher4t@marriott.com,Male
Basset,rbasset4u@howstuffworks.com,Male
Konrad,lkonrad4v@themeforest.net,Female
Bernardelli,abernardelli4w@wired.com,Male
Polglase,cpolglase4x@jugem.jp,Female
Crown,bcrown4y@discuz.net,Genderqueer
Dable,ddable4z@hhs.gov,Male
Blacksell,kblacksell50@bandcamp.com,Female
Narramore,rnarramore51@youtube.com,Female
Wallentin,dwallentin52@google.it,Male
Wildt,vwildt53@w3.org,Male
Colenutt,wcolenutt54@1und1.de,Male
Schulze,dschulze55@wired.com,Female
Pinnocke,jpinnocke56@go.com,Female
Bruntje,cbruntje57@google.co.uk,Female
Tiler,ltiler58@w3.org,Female
Boswood,bboswood59@uiuc.edu,Bigender
Marfe,rmarfe5a@bloglines.com,Female
MacFarlan,lmacfarlan5b@fastcompany.com,Male
Mallinder,kmallinder5c@mtv.com,Female
Smitham,bsmitham5d@trellian.com,Male
Kavanagh,akavanagh5e@scientificamerican.com,Male
Sansum,msansum5f@bbb.org,Agender
Mabbett,fmabbett5g@tmall.com,Female
Hanny,ghanny5h@craigslist.org,Male
Chisolm,hchisolm5i@globo.com,Male
Pull,fpull5j@rakuten.co.jp,Female
Bastable,jbastable5k@posterous.com,Male
Litel,rlitel5l@alexa.com,Female
Dechelette,edechelette5m@ibm.com,Male
Mucillo,gmucillo5n@macromedia.com,Female
Shingles,dshingles5o@woothemes.com,Male
Defond,gdefond5p@tinyurl.com,Bigender
D'Ambrogi,edambrogi5q@list-manage.com,Female
Oty,koty5r@japanpost.jp,Male
Cody,acody5s@friendfeed.com,Female
Roblou,troblou5t@yolasite.com,Female
Cage,fcage5u@symantec.com,Male
Antonat,dantonat5v@psu.edu,Male
Gaskin,hgaskin5w@virginia.edu,Male
Yule,kyule5x@webeden.co.uk,Female
Clementucci,jclementucci5y@blog.com,Female
Philipsson,jphilipsson5z@trellian.com,Male
Prinn,hprinn60@cyberchimps.com,Female
Realy,frealy61@opensource.org,Male
Goodspeed,sgoodspeed62@huffingtonpost.com,Female
Rist,mrist63@rakuten.co.jp,Female
Straun,wstraun64@vinaora.com,Female
Gewer,hgewer65@jalbum.net,Female
Kilcoyne,gkilcoyne66@stanford.edu,Male
Liverseege,uliverseege67@unicef.org,Male
Pepperd,hpepperd68@msn.com,Male
Stelle,cstelle69@salon.com,Male
Fardoe,afardoe6a@adobe.com,Male
Crust,ncrust6b@huffingtonpost.com,Male
Thoumasson,fthoumasson6c@qq.com,Male
Odda,sodda6d@sciencedirect.com,Female
Emptage,yemptage6e@japanpost.jp,Female
D'Elia,cdelia6f@abc.net.au,Female
Feakins,afeakins6g@tmall.com,Male
Humbey,rhumbey6h@domainmarket.com,Male
Gladwish,cgladwish6i@rambler.ru,Female
Raunds,mraunds6j@slashdot.org,Female
Towner,btowner6k@godaddy.com,Male
Unworth,kunworth6l@wordpress.org,Male
Bottle,vbottle6m@cocolog-nifty.com,Male
Loade,tloade6n@slashdot.org,Male
Joddens,ejoddens6o@merriam-webster.com,Male
Graybeal,wgraybeal6p@jiathis.com,Female
Ginley,mginley6q@harvard.edu,Female
Sloyan,rsloyan6r@ycombinator.com,Female
Mandifield,omandifield6s@tripod.com,Male
Cote,scote6t@sina.com.cn,Female
Spindler,sspindler6u@telegraph.co.uk,Non-binary
Rosekilly,jrosekilly6v@topsy.com,Female
Shelmardine,fshelmardine6w@sitemeter.com,Male
Cordingly,ncordingly6x@fotki.com,Male
Edney,cedney6y@cnn.com,Male
Beddie,rbeddie6z@harvard.edu,Female
Bandey,bbandey70@dmoz.org,Female
Daniell,bdaniell71@ameblo.jp,Male
Haste,fhaste72@omniture.com,Non-binary
Schwand,aschwand73@cornell.edu,Female
Eleshenar,jeleshenar74@google.de,Male
Van der Mark,bvandermark75@github.io,Male
Milsted,mmilsted76@nbcnews.com,Female
Sexstone,gsexstone77@china.com.cn,Female
Nelissen,anelissen78@edublogs.org,Male
Finding,tfinding79@sfgate.com,Female
Gillease,ggillease7a@imdb.com,Female
Kevis,ikevis7b@linkedin.com,Male
Kilian,tkilian7c@rambler.ru,Female
Clubbe,pclubbe7d@nifty.com,Female
Pashby,npashby7e@amazon.co.uk,Male
Say,jsay7f@ezinearticles.com,Female
Blumer,fblumer7g@moonfruit.com,Female
Faustian,rfaustian7h@reverbnation.com,Male
Morsey,mmorsey7i@drupal.org,Male
Lemmon,llemmon7j@mac.com,Non-binary
Learmount,slearmount7k@ca.gov,Male
Clibbery,mclibbery7l@ebay.co.uk,Male
Satchel,hsatchel7m@nydailynews.com,Male
Kersting,ikersting7n@japanpost.jp,Female
Uphill,huphill7o@ted.com,Male
Jephson,fjephson7p@alibaba.com,Male
Glenister,lglenister7q@phpbb.com,Male
Starsmore,mstarsmore7r@myspace.com,Female
Malser,dmalser7s@hugedomains.com,Male
Morland,emorland7t@bloglovin.com,Female
Spottiswoode,jspottiswoode7u@globo.com,Male
Ferri,hferri7v@sogou.com,Genderqueer
De Leek,adeleek7w@flickr.com,Male
Redwall,aredwall7x@51.la,Polygender
Needham,cneedham7y@cargocollective.com,Female
Winspeare,twinspeare7z@mit.edu,Female
Segar,asegar80@statcounter.com,Female
Crewe,acrewe81@cnbc.com,Male
McKeand,lmckeand82@ocn.ne.jp,Male
Jehan,cjehan83@dmoz.org,Polygender
Basilotta,tbasilotta84@google.es,Polygender
Bendel,mbendel85@nydailynews.com,Female
Dilleston,jdilleston86@baidu.com,Female
Besant,mbesant87@hexun.com,Male
Treharne,dtreharne88@a8.net,Female
Holde,mholde89@upenn.edu,Male
Tilby,ztilby8a@dion.ne.jp,Female
Twaits,ttwaits8b@amazonaws.com,Male
Causley,wcausley8c@seattletimes.com,Agender
Oglevie,zoglevie8d@fc2.com,Male
Skitt,kskitt8e@weebly.com,Male
Yansons,hyansons8f@mapquest.com,Female
Dunstan,adunstan8g@reuters.com,Bigender
Danielsohn,kdanielsohn8h@51.la,Female
Dunkerley,adunkerley8i@telegraph.co.uk,Male
Pilkington,rpilkington8j@auda.org.au,Female
Cowey,lcowey8k@xing.com,Female
Almeida,talmeida8l@opera.com,Male
Abrahams,iabrahams8m@biblegateway.com,Female
Bordone,kbordone8n@cloudflare.com,Male
Colbourn,hcolbourn8o@clickbank.net,Female
Mallia,cmallia8p@deviantart.com,Male
Lanmeid,mlanmeid8q@prweb.com,Female
Maestrini,gmaestrini8r@nhs.uk,Male
Foxhall,mfoxhall8s@reuters.com,Male
Busse,pbusse8t@cocolog-nifty.com,Female
Ranscome,mranscome8u@google.es,Male
Edmott,medmott8v@webmd.com,Female
Syers,ssyers8w@yahoo.com,Female
Parks,mparks8x@google.co.jp,Male
Laurencot,dlaurencot8y@jiathis.com,Female
Loade,floade8z@bluehost.com,Male
Bilston,hbilston90@reverbnation.com,Male
Bootland,ebootland91@unc.edu,Male
Robic,krobic92@privacy.gov.au,Female
Bumfrey,abumfrey93@bizjournals.com,Male
Tookill,ltookill94@statcounter.com,Female
Cordie,bcordie95@sciencedaily.com,Female
Bittlestone,mbittlestone96@narod.ru,Male
Treadgear,btreadgear97@myspace.com,Female
Pach,upach98@indiegogo.com,Female
Renshall,zrenshall99@buzzfeed.com,Male
Deegan,gdeegan9a@pinterest.com,Genderfluid
Mathevet,ymathevet9b@studiopress.com,Female
Grimstead,fgrimstead9c@infoseek.co.jp,Male
Crasford,acrasford9d@creativecommons.org,Male
Maffia,hmaffia9e@dailymotion.com,Male
Quaif,cquaif9f@hostgator.com,Female
Hawkins,thawkins9g@usatoday.com,Female
Crangle,kcrangle9h@jugem.jp,Female
de Mullett,edemullett9i@reverbnation.com,Male
Dartnall,ddartnall9j@blogspot.com,Female
Woolsey,awoolsey9k@springer.com,Male
Statefield,lstatefield9l@nsw.gov.au,Male
Redferne,bredferne9m@mtv.com,Male
Pahlsson,cpahlsson9n@hao123.com,Polygender
Lutman,llutman9o@over-blog.com,Non-binary
Ayshford,cayshford9p@printfriendly.com,Non-binary
Hagyard,shagyard9q@home.pl,Male
Phalip,kphalip9r@businessinsider.com,Male
Goodricke,lgoodricke9s@deliciousdays.com,Male
Musprat,jmusprat9t@163.com,Male
Fernihough,afernihough9u@ox.ac.uk,Male
Sporrij,dsporrij9v@furl.net,Female
Edwardes,bedwardes9w@jugem.jp,Male
Whittlesee,mwhittlesee9x@behance.net,Male
Marcos,rmarcos9y@ebay.com,Agender
Wight,cwight9z@cam.ac.uk,Female
Clissett,aclissetta0@sfgate.com,Female
McGorman,kmcgormana1@theglobeandmail.com,Male
Ripley,mripleya2@google.com,Male
Hyde,shydea3@sakura.ne.jp,Female
Uccelli,muccellia4@google.nl,Female
Vasyukhnov,rvasyukhnova5@home.pl,Male
Roggers,eroggersa6@instagram.com,Non-binary
Peddar,lpeddara7@youtube.com,Male
Van Der Straaten,avanderstraatena8@sciencedirect.com,Female
Pre,rprea9@arstechnica.com,Female
Tune,ltuneaa@bigcartel.com,Female
Bickley,lbickleyab@cargocollective.com,Male
O' Connell,soconnellac@cornell.edu,Male
Staniforth,nstaniforthad@dell.com,Male
Bril,rbrilae@goodreads.com,Male
Ziemke,lziemkeaf@prnewswire.com,Male
Brader,bbraderag@ihg.com,Non-binary
Kacheler,dkachelerah@java.com,Female
Greenman,cgreenmanai@tinyurl.com,Female
Bau,cbauaj@europa.eu,Female
McLaine,emclaineak@posterous.com,Female
Leupold,eleupoldal@deviantart.com,Male
Semble,rsembleam@walmart.com,Female
Rocca,zroccaan@hugedomains.com,Female
Eastwood,beastwoodao@taobao.com,Female
Seavers,nseaversap@apple.com,Male
Lidgett,vlidgettaq@dropbox.com,Male
Willetts,owillettsar@indiegogo.com,Female
Haryngton,bharyngtonas@ow.ly,Female
Aleksandrev,ealeksandrevat@unc.edu,Female
Kensitt,hkensittau@webnode.com,Female
Tegeller,btegellerav@dion.ne.jp,Male
Nashe,vnasheaw@live.com,Male
Waterhouse,mwaterhouseax@webmd.com,Female
Titchmarsh,htitchmarshay@tripadvisor.com,Male
Bresnahan,cbresnahanaz@prlog.org,Male
Binton,abintonb0@usgs.gov,Male
McKennan,cmckennanb1@bluehost.com,Female
Denison,tdenisonb2@toplist.cz,Female
Kobieriecki,rkobierieckib3@adobe.com,Female
Debell,ddebellb4@dailymotion.com,Female
Hartman,ahartmanb5@tripod.com,Female
Itzkovich,sitzkovichb6@blogtalkradio.com,Polygender
Norwell,snorwellb7@nhs.uk,Female
Coursor,bcoursorb8@ycombinator.com,Female
Adamson,aadamsonb9@ezinearticles.com,Male
Goode,mgoodeba@wsj.com,Female
Stiling,kstilingbb@umich.edu,Male
Grigg,kgriggbc@wufoo.com,Male
Patridge,gpatridgebd@ning.com,Female
Folcarelli,pfolcarellibe@ocn.ne.jp,Male
Holligan,cholliganbf@cafepress.com,Female
Vassall,tvassallbg@smh.com.au,Female
Thorneywork,ithorneyworkbh@constantcontact.com,Non-binary
Gwatkin,vgwatkinbi@economist.com,Male
Bragge,qbraggebj@phoca.cz,Female
Longhorne,tlonghornebk@hugedomains.com,Male
Bilam,tbilambl@ca.gov,Female
Mattaus,wmattausbm@flavors.me,Male
Elston,oelstonbn@com.com,Female
Izkovici,mizkovicibo@unc.edu,Bigender
Rivaland,trivalandbp@i2i.jp,Female
Buttwell,fbuttwellbq@multiply.com,Female
Fairhead,mfairheadbr@histats.com,Male
Zeal,uzealbs@gravatar.com,Female
Toon,htoonbt@virginia.edu,Female
Balderstone,pbalderstonebu@google.com,Female
Andree,landreebv@pen.io,Female
Melody,smelodybw@youtu.be,Male
Paradin,lparadinbx@un.org,Female
Zarfati,szarfatiby@ifeng.com,Male
Kempshall,tkempshallbz@google.com.br,Female
Hrinchenko,mhrinchenkoc0@tripadvisor.com,Male
Lamshead,llamsheadc1@utexas.edu,Male
Sture,ssturec2@columbia.edu,Female
McMillan,gmcmillanc3@mozilla.com,Bigender
Blanden,cblandenc4@epa.gov,Male
Hallin,ehallinc5@chron.com,Male
Brodley,kbrodleyc6@theatlantic.com,Male
Crystal,pcrystalc7@bandcamp.com,Female
Poppleton,jpoppletonc8@phoca.cz,Female
Bowller,dbowllerc9@webs.com,Female
Skews,lskewsca@un.org,Female
Brassington,rbrassingtoncb@dedecms.com,Female
Headings,hheadingscc@hhs.gov,Female
Creer,hcreercd@goo.ne.jp,Female
Goldes,agoldesce@google.de,Genderqueer
Malloy,rmalloycf@unicef.org,Male
Bucknell,kbucknellcg@booking.com,Female
Fellowes,cfellowesch@weebly.com,Genderqueer
Hylton,mhyltonci@comcast.net,Male
Koene,rkoenecj@netvibes.com,Male
Catterall,mcatterallck@wikia.com,Male
Fenge,dfengecl@over-blog.com,Female
Paaso,apaasocm@wufoo.com,Agender
Werny,awernycn@meetup.com,Female
De Normanville,jdenormanvilleco@un.org,Male
Gulley,sgulleycp@china.com.cn,Female
Rose,prosecq@boston.com,Female
Seeger,jseegercr@odnoklassniki.ru,Male
Patnelli,fpatnellics@newyorker.com,Male
Stiggers,dstiggersct@cam.ac.uk,Female
Dallas,fdallascu@cpanel.net,Male
McDell,amcdellcv@angelfire.com,Male
Ferreira,oferreiracw@imdb.com,Female
Crawshaw,kcrawshawcx@liveinternet.ru,Male
Soda,dsodacy@comcast.net,Non-binary
Fenwick,mfenwickcz@netlog.com,Female
Volkes,fvolkesd0@arizona.edu,Male
Union,puniond1@squidoo.com,Female
Pimblett,gpimblettd2@tuttocitta.it,Female
Deegan,hdeegand3@a8.net,Female
Abells,dabellsd4@clickbank.net,Female
Winscum,mwinscumd5@mtv.com,Female
Laimable,rlaimabled6@smh.com.au,Male
De Cruce,ddecruced7@usda.gov,Male
Boyles,gboylesd8@cmu.edu,Female
Shawel,kshaweld9@slashdot.org,Female
Franzen,pfranzenda@ycombinator.com,Male
Moxon,cmoxondb@eepurl.com,Male
Stairmond,wstairmonddc@mapquest.com,Female
Mote,tmotedd@ed.gov,Agender
Hevner,thevnerde@yellowpages.com,Female
De Launde,tdelaundedf@canalblog.com,Female
Lawlee,dlawleedg@ed.gov,Female
Gellier,mgellierdh@nymag.com,Female
Persian,dpersiandi@wp.com,Female
Cavolini,dcavolinidj@merriam-webster.com,Female
Common,hcommondk@blog.com,Female
Spurrett,dspurrettdl@pagesperso-orange.fr,Female
Ashfield,tashfielddm@shutterfly.com,Female
Gethings,wgethingsdn@youtube.com,Male
Andren,nandrendo@google.de,Male
Eddleston,keddlestondp@cafepress.com,Female
Carnson,rcarnsondq@foxnews.com,Female
Drinkwater,edrinkwaterdr@cbsnews.com,Female
Spavon,sspavonds@bbc.co.uk,Female
Foxon,afoxondt@123-reg.co.uk,Male
Comar,hcomardu@creativecommons.org,Female
Kellog,rkellogdv@thetimes.co.uk,Female
